{
  "alfredsnippet" : {
    "snippet" : "#include <iostream>\n#include <stdio.h>\n#include <stdlib.h>\n#include <math.h>\n#include <string.h>\n#include <algorithm>\n#include <map>\n#include <unordered_map>\n#include <vector>\n#include <queue>\n#include <stack>\n#include <string>\n#include <set>\nusing namespace std;\n\n\/\/ define global variable here\n\n\nint main(){\n#ifdef ONLINE_JUDGE\n#else\n    freopen(\"input\/{cursor}.txt\", \"r\", stdin);\n#endif\n    \/\/ write your code here\n    \n\n    return 0;\n}",
    "uid" : "A107B651-991F-4495-9B5E-459BEE0B3C94",
    "name" : "C program template",
    "keyword" : "pat"
  }
}