{
  "alfredtheme" : {
    "result" : {
      "textSpacing" : 8,
      "subtext" : {
        "size" : 11,
        "colorSelected" : "#90C378FF",
        "font" : "System",
        "color" : "#9FCB8AFF"
      },
      "shortcut" : {
        "size" : 16,
        "colorSelected" : "#D2945DFF",
        "font" : "System",
        "color" : "#DBA46FFF"
      },
      "backgroundSelected" : "#262A3272",
      "text" : {
        "size" : 16,
        "colorSelected" : "#BBC9D8FF",
        "font" : "System",
        "color" : "#B4BFCBFF"
      },
      "iconPaddingHorizontal" : 5,
      "paddingVertical" : 8,
      "iconSize" : 40
    },
    "search" : {
      "paddingVertical" : 2,
      "background" : "#2D323B19",
      "spacing" : 10,
      "text" : {
        "size" : 32,
        "colorSelected" : "#DF6A73FF",
        "font" : "System",
        "color" : "#E78085FF"
      },
      "backgroundSelected" : "#383D49FF"
    },
    "window" : {
      "color" : "#333942BF",
      "paddingHorizontal" : 10,
      "width" : 560,
      "borderPadding" : 10,
      "borderColor" : "#22221D00",
      "blur" : 40,
      "roundness" : 3,
      "paddingVertical" : 10
    },
    "credit" : "Bojan Dimovski",
    "separator" : {
      "color" : "#383830FF",
      "thickness" : 0
    },
    "scrollbar" : {
      "color" : "#4D5562FF",
      "thickness" : 2
    },
    "name" : "One Dark"
  }
}